"";"A";"B   ";"C";"Classifier"
"0";"-";"1,0";"1,4";"1,0"
"1";"-";"0,6";"1,1";"3,0"
"2";"0,6";"1,5";"1,7";"2,0"
"3";"0,7";"1,8";"2,1";"1,0"
"4";"0,6";"1,2";"1,1";"3,0"
"5";"-";"1,4";"1,8";"2,0"
"6";"-";"0,8";"2,2";"3,0"
"7";"-";"1,1";"2,0";"2,0"
"8";"0,6";"1,6";"2,0";"2,0"
"9";"0,8";"1,6";"2,2";"2,0"
"10";"0,6";"1,0";"2,0";"3,0"
"11";"-";"1,3";"2,2";"2,0"
"12";"-";"0,6";"2,1";"3,0"
"13";"-";"1,4";"1,0";"1,0"
"14";"-";"0,6";"1,0";"3,0"
"15";"0,7";"1,1";"2,4";"3,0"
"16";"-";"0,9";"1,6";"1,0"
"17";"-";"0,7";"1,1";"2,0"
"18";"0,8";"1,2";"1,5";"1,0"
"19";"-";"1,3";"1,7";"2,0"
"20";"-";"1,2";"1,0";"2,0"
"21";"-";"1,5";"1,8";"3,0"
"22";"-";"";"1,8";"3,0"
"23";"-";"1,4";"1,9";"1,0"
"24";"-";"1,5";"1,4";"3,0"
"25";"-";"0,8";"1,7";"1,0"
"26";"-";"1,5";"1,2";"3,0"
"27";"-";"1,5";"1,7";"1,0"
"28";"-";"1,1";"1,0";"3,0"
"29";"-";"1,1";"2,0";"1,0"
"30";"0,7";"1,3";"1,3";"1,0"
"31";"0,9";"-";"1,3";"3,0"
"32";"-";"";"1,5";"3,0"
"33";"-";"1,2";"2,2";"3,0"
"34";"0,9";"0,7";"2,3";"2,0"
"35";"0,7";"1,2";"1,5";"3,0"
"36";"0,9";"0,7";"2,4";"1,0"
"37";"0,8";"-";"1,8";"2,0"
"38";"-";"";"2,2";"1,0"
"39";"-";"1,0";"1,5";"1,0"
"40";"0,8";"-";"2,1";"1,0"
"41";"-";"0,8";"2,2";"2,0"
"42";"-";"0,7";"1,6";"1,0"
"43";"0,7";"0,6";"2,0";"2,0"
"44";"0,6";"1,8";"2,2";"2,0"
"45";"0,7";"1,2";"2,1";"1,0"
"46";"-";"1,7";"1,7";"1,0"
"47";"0,6";"1,6";"1,6";"1,0"
"48";"-";"";"2,3";"1,0"
"49";"-";"";"2,4";"3,0"
"50";"-";"";"1,5";"1,0"
"51";"-";"0,9";"1,0";"2,0"
"52";"-";"1,5";"1,1";"2,0"
"53";"-";"1,4";"1,5";"2,0"
"54";"-";"";"2,4";"1,0"
"55";"0,7";"0,7";"1,6";"2,0"
"56";"-";"";"1,1";"2,0"
"57";"0,8";"1,0";"1,1";"1,0"
"58";"-";"";"1,6";"2,0"
"59";"-";"1,8";"1,1";"3,0"
"60";"-";"1,8";"1,5";"3,0"
"61";"0,8";"-";"2,3";"1,0"
"62";"0,7";"-";"1,9";"1,0"
"63";"0,6";"1,3";"1,2";"2,0"
"64";"-";"1,2";"1,3";"1,0"
"65";"-";"1,6";"2,2";"2,0"
"66";"0,8";"1,8";"1,4";"1,0"
"67";"0,9";"1,1";"2,3";"2,0"
"68";"-";"1,9";"1,9";"2,0"
"69";"0,7";"1,0";"1,1";"2,0"
"70";"-";"1,6";"1,1";"1,0"
"71";"-";"1,7";"1,0";"2,0"
"72";"0,9";"1,2";"2,1";"2,0"
"73";"-";"1,9";"1,6";"1,0"
"74";"-";"";"1,8";"3,0"
"75";"0,9";"-";"1,3";"2,0"
"76";"-";"";"2,1";"2,0"
"77";"0,6";"0,9";"1,4";"3,0"
"78";"-";"0,6";"1,8";"1,0"
"79";"-";"";"1,5";"2,0"
"80";"0,6";"1,0";"1,4";"3,0"
"81";"0,6";"-";"1,7";"3,0"
"82";"-";"1,7";"2,2";"3,0"
"83";"0,8";"0,9";"2,4";"3,0"
"84";"-";"";"2,3";"2,0"
"85";"0,8";"0,7";"1,7";"1,0"
"86";"0,9";"0,9";"1,1";"2,0"
"87";"-";"";"1,1";"3,0"
"88";"-";"1,4";"2,0";"1,0"
"89";"0,6";"1,1";"2,2";"3,0"
"90";"-";"0,9";"1,7";"3,0"
"91";"-";"1,0";"2,1";"2,0"
"92";"0,6";"0,7";"2,4";"1,0"
"93";"0,7";"0,6";"2,3";"2,0"
"94";"0,9";"1,6";"1,6";"3,0"
"95";"0,6";"-";"1,3";"2,0"
"96";"-";"1,6";"2,0";"3,0"
"97";"0,9";"-";"2,3";"1,0"
"98";"0,8";"1,6";"2,0";"3,0"
"99";"-";"1,5";"2,4";"2,0"
"100";"-";"1,7";"1,0";"1,0"
"101";"-";"1,1";"1,7";"1,0"
"102";"0,9";"1,8";"2,0";"2,0"
"103";"-";"";"1,2";"1,0"
"104";"-";"1,3";"1,7";"3,0"
"105";"-";"1,7";"1,3";"1,0"
"106";"0,9";"1,4";"1,5";"1,0"
"107";"-";"1,9";"1,1";"2,0"
"108";"0,9";"-";"2,1";"1,0"
"109";"0,6";"1,0";"1,4";"2,0"
"110";"-";"";"2,4";"2,0"
"111";"-";"1,4";"1,1";"3,0"
"112";"-";"0,8";"1,2";"1,0"
"113";"0,8";"1,4";"1,4";"1,0"
"114";"0,6";"1,9";"2,3";"1,0"
"115";"-";"";"1,4";"1,0"
"116";"0,6";"1,7";"1,1";"2,0"
"117";"-";"0,7";"2,3";"2,0"
"118";"-";"";"1,3";"1,0"
"119";"0,6";"-";"1,5";"3,0"
"120";"-";"1,7";"2,0";"3,0"
"121";"0,7";"0,9";"2,2";"3,0"
"122";"0,9";"-";"1,4";"2,0"
"123";"-";"1,9";"1,2";"1,0"
"124";"-";"1,8";"1,8";"1,0"
"125";"-";"0,8";"1,6";"1,0"
"126";"0,6";"-";"2,0";"3,0"
"127";"0,8";"1,8";"2,1";"2,0"
"128";"0,8";"-";"2,3";"1,0"
"129";"0,9";"1,8";"2,4";"2,0"
"130";"-";"1,2";"1,4";"2,0"
"131";"-";"";"1,0";"2,0"
"132";"0,6";"1,0";"2,0";"1,0"
"133";"-";"1,4";"1,5";"2,0"
"134";"-";"1,2";"1,3";"2,0"
"135";"-";"1,1";"1,9";"1,0"
"136";"-";"1,8";"1,4";"3,0"
"137";"-";"";"2,2";"3,0"
"138";"-";"1,4";"2,0";"2,0"
"139";"0,6";"1,7";"2,0";"1,0"
"140";"-";"1,3";"1,1";"2,0"
"141";"-";"0,8";"2,1";"1,0"
"142";"-";"0,7";"1,7";"2,0"
"143";"0,9";"-";"1,2";"2,0"
"144";"-";"1,5";"1,2";"2,0"
"145";"-";"1,2";"2,1";"2,0"
"146";"-";"0,9";"1,7";"1,0"
"147";"-";"0,6";"1,8";"2,0"
"148";"0,6";"-";"1,4";"1,0"
"149";"-";"";"1,8";"1,0"
"150";"0,6";"1,6";"1,3";"2,0"
"151";"0,9";"1,0";"1,0";"1,0"
"152";"-";"";"1,5";"1,0"
"153";"0,9";"-";"2,3";"1,0"
"154";"-";"1,4";"1,8";"3,0"
"155";"-";"";"1,6";"2,0"
"156";"-";"1,2";"1,7";"2,0"
"157";"0,7";"-";"2,2";"2,0"
"158";"-";"1,3";"1,1";"1,0"
"159";"-";"";"1,8";"1,0"
"160";"0,7";"1,7";"1,1";"1,0"
"161";"-";"1,1";"2,3";"2,0"
"162";"0,9";"0,6";"1,5";"3,0"
"163";"-";"0,6";"1,6";"2,0"
"164";"-";"0,9";"1,2";"3,0"
"165";"-";"1,8";"1,4";"2,0"
"166";"-";"1,4";"1,8";"1,0"
"167";"0,8";"1,3";"2,0";"2,0"
"168";"0,6";"-";"2,0";"3,0"
"169";"-";"1,2";"2,3";"3,0"
"170";"0,7";"1,5";"2,3";"3,0"
"171";"0,6";"-";"1,2";"1,0"
"172";"-";"";"2,4";"1,0"
"173";"0,6";"0,9";"1,4";"1,0"
"174";"0,7";"-";"2,4";"1,0"
"175";"0,8";"1,2";"1,8";"3,0"
"176";"0,8";"-";"1,6";"2,0"
"177";"-";"1,2";"1,1";"2,0"
"178";"-";"";"2,1";"2,0"
"179";"-";"";"1,9";"3,0"
"180";"-";"1,7";"1,5";"2,0"
"181";"-";"1,8";"1,5";"1,0"
"182";"0,6";"1,0";"1,9";"3,0"
"183";"-";"0,8";"1,2";"1,0"
"184";"-";"";"2,2";"3,0"
"185";"0,9";"0,8";"2,0";"3,0"
"186";"-";"1,1";"1,8";"3,0"
"187";"-";"1,0";"1,9";"1,0"
"188";"0,8";"1,8";"1,1";"3,0"
"189";"0,9";"1,1";"1,9";"1,0"
"190";"0,7";"0,6";"1,7";"3,0"
"191";"-";"1,7";"2,0";"3,0"
"192";"-";"1,2";"1,6";"2,0"
"193";"-";"";"2,0";"2,0"
"194";"-";"";"1,0";"2,0"
"195";"0,9";"1,6";"1,9";"1,0"
"196";"-";"1,5";"2,1";"3,0"
"197";"0,7";"1,7";"1,4";"3,0"
"198";"-";"1,5";"2,4";"1,0"
"199";"0,6";"1,9";"1,4";"1,0"
"200";"0,7";"1,0";"1,1";"3,0"
"201";"-";"";"2,3";"1,0"
"202";"-";"";"2,1";"1,0"
"203";"-";"1,8";"2,4";"3,0"
"204";"0,8";"1,8";"1,7";"2,0"
"205";"0,9";"1,0";"1,0";"3,0"
"206";"-";"0,8";"1,6";"1,0"
"207";"-";"0,7";"1,5";"2,0"
"208";"-";"0,6";"2,2";"1,0"
"209";"0,6";"0,6";"2,4";"1,0"
"210";"-";"0,7";"2,4";"2,0"
"211";"-";"0,8";"2,2";"3,0"
"212";"-";"";"1,9";"2,0"
"213";"-";"1,2";"1,8";"3,0"
"214";"-";"0,8";"2,0";"1,0"
"215";"-";"1,2";"1,7";"2,0"
"216";"-";"1,8";"1,2";"1,0"
"217";"-";"1,3";"1,1";"3,0"
"218";"-";"1,0";"1,5";"1,0"
"219";"-";"";"2,3";"3,0"
"220";"-";"0,6";"1,3";"1,0"
"221";"0,9";"0,7";"2,0";"3,0"
"222";"0,8";"1,3";"1,4";"3,0"
"223";"-";"1,1";"1,3";"3,0"
"224";"0,7";"0,7";"1,8";"3,0"
"225";"0,6";"1,2";"2,4";"1,0"
"226";"0,9";"-";"2,2";"3,0"
"227";"-";"0,9";"1,5";"2,0"
"228";"-";"1,2";"1,1";"2,0"
"229";"-";"";"1,6";"2,0"
"230";"0,6";"1,9";"2,0";"1,0"
"231";"0,6";"1,6";"2,2";"1,0"
"232";"-";"";"2,4";"2,0"
"233";"-";"1,2";"1,4";"3,0"
"234";"-";"1,6";"1,7";"3,0"
"235";"-";"1,8";"1,8";"3,0"
"236";"0,6";"-";"2,2";"2,0"
"237";"0,6";"1,5";"2,1";"1,0"
"238";"0,7";"1,0";"1,3";"3,0"
"239";"0,6";"1,6";"2,0";"2,0"
"240";"-";"1,5";"1,4";"3,0"
"241";"0,9";"1,5";"2,4";"2,0"
"242";"0,9";"-";"2,4";"2,0"
"243";"-";"1,4";"1,1";"3,0"
"244";"-";"1,1";"2,1";"2,0"
"245";"-";"1,4";"1,1";"1,0"
"246";"0,6";"1,5";"1,1";"2,0"
"247";"-";"";"2,1";"1,0"
"248";"-";"0,8";"1,3";"3,0"
"249";"0,8";"-";"2,1";"1,0"
"250";"-";"";"1,1";"3,0"
"251";"-";"1,6";"2,1";"1,0"
"252";"-";"0,7";"1,9";"2,0"
"253";"0,6";"1,7";"1,0";"1,0"
"254";"-";"1,9";"2,0";"2,0"
"255";"0,9";"1,2";"1,8";"1,0"
"256";"-";"0,7";"2,1";"2,0"
"257";"-";"1,4";"1,4";"1,0"
"258";"0,7";"0,9";"1,0";"3,0"
"259";"-";"1,5";"1,0";"1,0"
"260";"-";"1,6";"1,8";"1,0"
"261";"0,8";"0,6";"2,2";"2,0"
"262";"-";"1,0";"1,2";"2,0"
"263";"-";"1,2";"2,3";"3,0"
"264";"-";"1,7";"2,0";"1,0"
"265";"-";"";"1,2";"3,0"
"266";"0,7";"1,2";"1,7";"1,0"
"267";"-";"";"1,7";"3,0"
"268";"-";"0,7";"2,1";"1,0"
"269";"-";"1,3";"2,0";"3,0"
"270";"0,9";"-";"1,9";"2,0"
"271";"-";"";"2,3";"2,0"
"272";"-";"1,6";"1,0";"1,0"
"273";"0,6";"1,8";"1,2";"3,0"
"274";"0,8";"1,8";"1,0";"3,0"
"275";"-";"";"1,7";"1,0"
"276";"-";"";"2,4";"3,0"
"277";"-";"";"2,2";"3,0"
"278";"-";"";"1,1";"3,0"
"279";"-";"0,7";"1,4";"1,0"
"280";"-";"0,6";"1,8";"3,0"
"281";"-";"";"1,6";"1,0"
"282";"0,9";"1,0";"1,7";"1,0"
"283";"0,6";"1,7";"2,4";"1,0"
"284";"-";"";"1,0";"2,0"
"285";"-";"1,7";"2,1";"3,0"
"286";"-";"0,7";"1,0";"1,0"
"287";"-";"1,9";"2,2";"2,0"
"288";"0,6";"0,9";"1,2";"3,0"
"289";"-";"";"2,3";"1,0"
"290";"-";"1,4";"1,5";"1,0"
"291";"-";"1,1";"1,5";"1,0"
"292";"0,6";"0,8";"2,4";"3,0"
"293";"-";"0,9";"1,9";"1,0"
"294";"-";"";"1,5";"2,0"
"295";"0,7";"1,0";"1,0";"2,0"
"296";"0,8";"1,3";"2,3";"2,0"
"297";"-";"1,8";"1,3";"3,0"
"298";"0,6";"1,0";"1,6";"3,0"
"299";"0,8";"1,0";"1,7";"3,0"
"300";"0,9";"0,9";"1,2";"2,0"
"301";"-";"0,9";"2,3";"3,0"
"302";"-";"1,4";"2,1";"2,0"
"303";"0,8";"-";"2,3";"3,0"
"304";"-";"1,4";"1,9";"3,0"
"305";"0,8";"1,1";"2,0";"2,0"
"306";"0,8";"1,9";"1,8";"1,0"
"307";"0,8";"1,8";"1,9";"2,0"
"308";"-";"0,6";"1,4";"2,0"
"309";"-";"1,3";"2,4";"3,0"
"310";"0,8";"0,6";"1,5";"1,0"
"311";"-";"0,9";"2,4";"1,0"
"312";"-";"1,3";"1,4";"1,0"
"313";"-";"1,3";"2,4";"3,0"
"314";"-";"1,3";"1,7";"2,0"
"315";"-";"1,7";"1,5";"2,0"
"316";"-";"1,1";"1,8";"1,0"
"317";"0,9";"-";"2,3";"2,0"
"318";"-";"0,8";"2,4";"3,0"
"319";"0,6";"1,1";"1,6";"1,0"
"320";"-";"1,6";"1,1";"1,0"
"321";"-";"1,8";"1,0";"1,0"
"322";"-";"";"1,3";"2,0"
"323";"0,9";"1,6";"1,9";"1,0"
"324";"-";"1,7";"2,2";"1,0"
"325";"0,6";"1,5";"2,0";"3,0"
"326";"-";"1,8";"1,7";"1,0"
"327";"-";"0,6";"1,6";"2,0"
"328";"0,6";"1,4";"1,2";"2,0"
"329";"0,9";"0,7";"1,9";"3,0"
"330";"-";"0,7";"1,4";"1,0"
"331";"0,9";"1,5";"2,3";"1,0"
"332";"-";"1,4";"2,2";"2,0"
"333";"0,9";"-";"2,3";"1,0"
"334";"-";"1,7";"1,0";"1,0"
"335";"-";"1,0";"1,6";"3,0"
"336";"0,9";"1,3";"1,2";"2,0"
"337";"0,7";"-";"1,1";"1,0"
"338";"-";"0,7";"2,0";"1,0"
"339";"-";"1,5";"2,4";"2,0"
"340";"-";"1,8";"1,7";"3,0"
"341";"0,6";"1,4";"1,4";"1,0"
"342";"-";"1,2";"1,9";"3,0"
"343";"0,8";"-";"2,0";"2,0"
"344";"-";"1,3";"2,3";"2,0"
"345";"-";"1,9";"1,4";"1,0"
"346";"0,7";"0,9";"2,4";"1,0"
"347";"-";"1,8";"1,3";"3,0"
"348";"0,7";"0,9";"2,0";"3,0"
"349";"-";"";"1,1";"2,0"
"350";"0,9";"1,1";"2,2";"3,0"
"351";"0,8";"1,3";"1,5";"2,0"
"352";"-";"0,7";"2,2";"2,0"
"353";"-";"1,7";"2,1";"2,0"
"354";"0,9";"1,7";"2,1";"2,0"
"355";"-";"1,6";"1,5";"1,0"
"356";"-";"";"1,1";"1,0"
"357";"0,9";"1,6";"1,7";"2,0"
"358";"-";"0,8";"1,5";"3,0"
"359";"0,6";"0,6";"1,5";"3,0"
"360";"-";"";"1,6";"3,0"
"361";"0,8";"1,9";"2,0";"2,0"
"362";"0,9";"0,6";"1,4";"3,0"
"363";"0,8";"1,8";"2,2";"1,0"
"364";"-";"";"1,5";"1,0"
"365";"-";"0,8";"1,4";"1,0"
"366";"-";"1,0";"2,0";"3,0"
"367";"-";"1,3";"1,0";"3,0"
"368";"0,8";"1,7";"2,1";"1,0"
"369";"-";"1,3";"2,0";"1,0"
"370";"0,8";"1,0";"1,9";"1,0"
"371";"-";"1,3";"2,4";"3,0"
"372";"-";"1,6";"1,9";"2,0"
"373";"0,9";"-";"1,0";"2,0"
"374";"0,6";"-";"1,8";"3,0"
"375";"-";"0,9";"1,9";"1,0"
"376";"-";"";"2,3";"2,0"
"377";"-";"1,3";"1,3";"1,0"
"378";"-";"";"2,1";"2,0"
"379";"-";"1,5";"1,8";"1,0"
"380";"0,8";"1,7";"1,3";"2,0"
"381";"0,9";"0,7";"1,2";"2,0"
"382";"0,8";"1,3";"2,1";"2,0"
"383";"-";"1,7";"1,5";"3,0"
"384";"0,6";"0,9";"1,3";"2,0"
"385";"-";"";"2,1";"1,0"
"386";"-";"1,9";"1,8";"2,0"
"387";"0,9";"1,5";"1,8";"2,0"
"388";"-";"";"1,2";"3,0"
"389";"-";"0,7";"1,0";"3,0"
"390";"-";"";"1,3";"3,0"
"391";"0,8";"1,1";"1,5";"3,0"
"392";"0,7";"1,4";"1,6";"3,0"
"393";"0,6";"1,0";"2,0";"2,0"
"394";"0,8";"1,0";"2,1";"3,0"
"395";"-";"1,6";"2,4";"3,0"
"396";"-";"1,6";"2,3";"2,0"
"397";"-";"0,8";"1,9";"2,0"
"398";"-";"";"1,4";"3,0"
"399";"0,8";"-";"1,9";"1,0"
"400";"0,8";"0,7";"1,4";"3,0"
"401";"-";"1,2";"1,9";"1,0"
"402";"0,8";"0,7";"1,3";"2,0"
"403";"-";"1,9";"1,5";"1,0"
"404";"0,9";"1,4";"2,4";"2,0"
"405";"0,9";"1,7";"1,9";"2,0"
"406";"0,9";"1,1";"1,3";"3,0"
"407";"0,7";"0,9";"1,0";"1,0"
"408";"-";"0,6";"1,8";"2,0"
"409";"0,8";"1,3";"1,7";"2,0"
"410";"0,7";"1,6";"1,7";"1,0"
"411";"0,6";"1,6";"1,9";"3,0"
"412";"-";"0,7";"1,9";"1,0"
"413";"-";"1,3";"2,0";"1,0"
"414";"-";"1,1";"2,1";"1,0"
"415";"-";"1,4";"1,1";"3,0"
"416";"-";"1,7";"1,7";"1,0"
"417";"-";"1,7";"2,3";"3,0"
"418";"0,6";"1,3";"1,7";"2,0"
"419";"-";"1,0";"1,9";"3,0"
"420";"-";"";"1,5";"1,0"
"421";"0,9";"-";"1,3";"3,0"
"422";"0,7";"1,6";"1,7";"2,0"
"423";"0,9";"0,6";"1,4";"1,0"
"424";"0,6";"-";"2,0";"2,0"
"425";"-";"";"1,9";"1,0"
"426";"0,6";"1,6";"1,2";"3,0"
"427";"0,8";"1,4";"1,5";"1,0"
"428";"-";"";"1,4";"1,0"
"429";"-";"1,0";"1,0";"3,0"
"430";"0,9";"1,0";"1,8";"1,0"
"431";"-";"1,3";"1,2";"1,0"
"432";"0,8";"-";"1,4";"2,0"
"433";"0,7";"1,0";"1,6";"2,0"
"434";"-";"1,6";"2,2";"3,0"
"435";"0,9";"-";"1,0";"2,0"
"436";"0,6";"1,0";"1,9";"1,0"
"437";"0,7";"1,6";"2,2";"3,0"
"438";"-";"1,7";"2,0";"1,0"
"439";"-";"";"1,2";"1,0"
"440";"-";"0,6";"1,9";"3,0"
"441";"0,7";"-";"1,5";"2,0"
"442";"-";"";"1,4";"2,0"
"443";"-";"1,3";"1,4";"1,0"
"444";"-";"1,0";"2,4";"2,0"
"445";"-";"";"1,1";"3,0"
"446";"-";"1,2";"2,0";"1,0"
"447";"-";"0,8";"1,1";"3,0"
"448";"0,9";"-";"2,2";"2,0"
"449";"-";"1,2";"1,7";"3,0"
"450";"-";"";"1,3";"1,0"
"451";"-";"1,5";"1,5";"3,0"
"452";"0,7";"1,8";"1,2";"3,0"
"453";"0,8";"1,4";"1,5";"1,0"
"454";"0,6";"1,4";"1,3";"1,0"
"455";"-";"0,7";"1,9";"1,0"
"456";"0,8";"1,4";"1,8";"1,0"
"457";"-";"";"2,0";"2,0"
"458";"-";"1,2";"1,0";"1,0"
"459";"-";"1,1";"2,3";"1,0"
"460";"-";"0,8";"1,6";"3,0"
"461";"-";"1,1";"1,7";"1,0"
"462";"-";"";"1,2";"2,0"
"463";"-";"0,9";"1,6";"2,0"
"464";"0,9";"0,6";"2,0";"1,0"
"465";"0,6";"1,2";"1,4";"1,0"
"466";"0,9";"1,9";"1,6";"2,0"
"467";"-";"1,7";"1,6";"3,0"
"468";"0,9";"1,1";"1,2";"1,0"
"469";"0,8";"1,2";"1,4";"2,0"
"470";"-";"";"1,6";"3,0"
"471";"-";"1,4";"1,1";"3,0"
"472";"-";"1,5";"2,3";"3,0"
"473";"0,8";"-";"2,1";"1,0"
"474";"-";"1,0";"1,5";"3,0"
"475";"0,8";"1,5";"1,8";"1,0"
"476";"0,6";"-";"2,3";"3,0"
"477";"-";"0,9";"1,6";"3,0"
"478";"-";"1,6";"2,3";"3,0"
"479";"0,8";"-";"1,7";"2,0"
"480";"-";"1,4";"1,2";"3,0"
"481";"0,6";"1,3";"2,0";"3,0"
"482";"-";"1,0";"1,8";"2,0"
"483";"-";"";"2,4";"1,0"
"484";"-";"";"1,4";"2,0"
"485";"0,8";"0,8";"2,1";"3,0"
"486";"-";"";"1,9";"2,0"
"487";"-";"1,9";"1,8";"2,0"
"488";"0,6";"0,7";"1,7";"1,0"
"489";"-";"";"2,0";"2,0"
"490";"0,9";"1,1";"1,4";"3,0"
"491";"-";"";"1,9";"2,0"
"492";"-";"";"1,6";"2,0"
"493";"0,9";"0,9";"1,5";"1,0"
"494";"-";"";"1,6";"1,0"
"495";"-";"";"1,9";"3,0"
"496";"-";"1,4";"1,1";"2,0"
"497";"-";"1,8";"1,0";"1,0"
"498";"0,9";"1,0";"1,7";"1,0"
"499";"-";"1,3";"1,5";"1,0"
"500";"0,8";"-";"2,0";"3,0"
"501";"-";"1,0";"2,1";"3,0"
"502";"-";"1,3";"2,0";"2,0"
"503";"0,8";"0,8";"1,7";"2,0"
"504";"-";"1,8";"2,3";"1,0"
"505";"-";"1,2";"2,4";"2,0"
"506";"-";"1,3";"1,2";"1,0"
"507";"0,8";"-";"1,2";"3,0"
"508";"0,7";"0,6";"1,1";"3,0"
"509";"-";"0,8";"2,1";"3,0"
"510";"-";"";"1,9";"2,0"
"511";"0,7";"-";"2,1";"2,0"
"512";"-";"1,0";"1,7";"1,0"
"513";"-";"1,3";"1,7";"3,0"
"514";"-";"1,0";"2,4";"1,0"
"515";"-";"1,4";"2,1";"3,0"
"516";"0,8";"1,7";"1,3";"1,0"
"517";"0,6";"1,5";"1,0";"3,0"
"518";"-";"1,6";"1,2";"1,0"
"519";"-";"1,1";"1,0";"3,0"
"520";"0,7";"-";"1,7";"2,0"
"521";"-";"1,7";"1,4";"1,0"
"522";"0,9";"1,5";"2,0";"1,0"
"523";"-";"1,4";"1,9";"1,0"
"524";"-";"1,5";"1,2";"3,0"
"525";"-";"";"1,0";"1,0"
"526";"-";"1,3";"1,2";"3,0"
"527";"-";"";"1,8";"3,0"
"528";"-";"1,6";"2,1";"1,0"
"529";"0,8";"-";"2,0";"2,0"
"530";"0,8";"1,5";"1,7";"1,0"
"531";"-";"";"1,3";"3,0"
"532";"0,6";"0,6";"1,5";"3,0"
"533";"-";"0,8";"1,4";"3,0"
"534";"-";"1,6";"1,5";"2,0"
"535";"-";"0,8";"2,4";"3,0"
"536";"0,6";"-";"2,1";"3,0"
"537";"0,7";"1,2";"2,0";"3,0"
"538";"-";"1,2";"2,0";"3,0"
"539";"-";"";"2,3";"1,0"
"540";"0,9";"0,9";"1,8";"1,0"
"541";"0,9";"1,7";"1,6";"2,0"
"542";"0,8";"1,2";"1,2";"1,0"
"543";"0,6";"-";"2,2";"1,0"
"544";"0,7";"1,4";"2,4";"1,0"
"545";"-";"0,9";"1,6";"2,0"
"546";"0,6";"1,5";"1,4";"2,0"
"547";"-";"1,0";"2,2";"3,0"
"548";"-";"0,7";"2,0";"1,0"
"549";"0,6";"-";"1,7";"1,0"
"550";"0,7";"-";"1,8";"2,0"
"551";"-";"0,7";"2,0";"3,0"
"552";"-";"";"1,4";"1,0"
"553";"-";"1,6";"1,8";"1,0"
"554";"-";"1,3";"1,9";"3,0"
"555";"0,7";"-";"2,3";"3,0"
"556";"-";"";"2,3";"3,0"
"557";"-";"0,8";"2,0";"2,0"
"558";"0,6";"1,4";"1,0";"1,0"
"559";"-";"1,0";"2,0";"2,0"
"560";"-";"1,5";"1,9";"2,0"
"561";"0,6";"0,8";"2,3";"1,0"
"562";"-";"1,6";"2,1";"2,0"
"563";"-";"";"1,0";"2,0"
"564";"0,8";"1,6";"2,2";"1,0"
"565";"-";"0,8";"2,1";"3,0"
"566";"-";"1,9";"1,2";"3,0"
"567";"0,8";"-";"1,7";"1,0"
"568";"0,7";"-";"2,0";"3,0"
"569";"-";"1,4";"1,3";"3,0"
"570";"0,7";"1,7";"2,4";"3,0"
"571";"-";"1,7";"2,0";"2,0"
"572";"0,9";"1,6";"1,5";"3,0"
"573";"0,7";"1,5";"1,7";"2,0"
"574";"-";"";"1,7";"3,0"
"575";"-";"0,9";"1,5";"3,0"
"576";"0,8";"1,6";"2,4";"2,0"
"577";"-";"1,9";"1,9";"1,0"
"578";"-";"";"1,6";"3,0"
"579";"0,8";"0,8";"1,4";"2,0"
"580";"0,9";"0,9";"2,4";"2,0"
"581";"0,7";"1,0";"1,7";"3,0"
"582";"-";"";"2,4";"1,0"
"583";"-";"0,8";"2,2";"2,0"
"584";"-";"1,6";"1,2";"3,0"
"585";"-";"";"1,4";"1,0"
"586";"0,8";"1,3";"2,2";"3,0"
"587";"0,6";"1,9";"2,1";"3,0"
"588";"0,8";"-";"2,2";"2,0"
"589";"-";"1,3";"2,1";"2,0"
"590";"-";"1,4";"2,3";"3,0"
"591";"-";"1,3";"1,9";"1,0"
"592";"-";"";"2,1";"1,0"
"593";"0,9";"1,5";"1,0";"3,0"
"594";"0,7";"1,0";"2,4";"1,0"
"595";"0,7";"0,9";"1,2";"3,0"
"596";"0,7";"0,9";"1,1";"3,0"
"597";"-";"1,0";"2,0";"1,0"
"598";"-";"1,7";"2,0";"3,0"
"599";"-";"1,1";"1,9";"1,0"
"600";"0,8";"-";"1,6";"1,0"
"601";"-";"";"1,5";"2,0"
"602";"-";"1,0";"1,0";"1,0"
"603";"-";"1,0";"2,2";"3,0"
"604";"-";"1,7";"2,3";"3,0"
"605";"0,7";"-";"1,8";"2,0"
"606";"0,9";"-";"2,3";"2,0"
"607";"0,9";"1,6";"2,1";"3,0"
"608";"0,7";"-";"1,2";"1,0"
"609";"-";"1,6";"1,1";"2,0"
"610";"-";"";"1,3";"3,0"
"611";"-";"";"1,0";"3,0"
"612";"-";"0,8";"2,4";"3,0"
"613";"0,7";"-";"1,1";"2,0"
"614";"-";"1,8";"1,5";"3,0"
"615";"0,8";"1,4";"2,4";"3,0"
"616";"0,9";"1,0";"1,5";"1,0"
"617";"-";"1,8";"2,4";"2,0"
"618";"0,7";"1,9";"2,3";"2,0"
"619";"-";"1,3";"1,6";"1,0"
"620";"0,7";"-";"1,7";"3,0"
"621";"0,9";"1,2";"2,0";"3,0"
"622";"0,6";"1,1";"2,1";"1,0"
"623";"0,7";"1,7";"1,4";"2,0"
"624";"0,6";"0,6";"2,2";"3,0"
"625";"-";"";"1,0";"3,0"
"626";"-";"1,0";"2,2";"1,0"
"627";"-";"1,2";"1,4";"1,0"
"628";"-";"0,7";"1,2";"1,0"
"629";"-";"1,9";"2,1";"1,0"
"630";"-";"1,7";"2,4";"2,0"
"631";"0,6";"1,3";"2,3";"1,0"
"632";"-";"";"1,2";"1,0"
"633";"-";"1,2";"2,0";"2,0"
"634";"-";"";"2,0";"1,0"
"635";"-";"1,5";"1,8";"1,0"
"636";"0,8";"-";"2,4";"1,0"
"637";"-";"1,5";"2,0";"1,0"
"638";"-";"1,8";"1,0";"2,0"
"639";"-";"1,1";"2,1";"1,0"
"640";"-";"";"1,9";"3,0"
"641";"0,9";"0,6";"1,5";"2,0"
"642";"-";"1,9";"1,1";"2,0"
"643";"0,9";"-";"2,2";"2,0"
"644";"0,6";"1,9";"2,1";"3,0"
"645";"-";"";"1,2";"1,0"
"646";"0,8";"1,7";"1,2";"2,0"
"647";"0,8";"1,0";"1,7";"3,0"
"648";"-";"";"2,3";"2,0"
"649";"-";"0,9";"1,3";"2,0"
"650";"0,6";"-";"1,2";"3,0"
"651";"-";"1,1";"2,0";"1,0"
"652";"0,8";"1,5";"2,0";"1,0"
"653";"0,7";"0,9";"2,4";"1,0"
"654";"-";"1,0";"1,7";"3,0"
"655";"-";"1,8";"2,0";"3,0"
"656";"-";"";"2,3";"3,0"
"657";"-";"1,5";"1,2";"2,0"
"658";"-";"1,2";"1,9";"3,0"
"659";"0,9";"1,8";"2,0";"2,0"
"660";"-";"";"1,0";"3,0"
"661";"0,6";"1,5";"1,7";"3,0"
"662";"-";"0,8";"2,0";"3,0"
"663";"0,8";"1,6";"1,7";"1,0"
"664";"0,6";"-";"1,4";"2,0"
"665";"0,7";"-";"1,4";"3,0"
"666";"-";"";"1,9";"3,0"
"667";"-";"0,8";"1,5";"1,0"
"668";"0,6";"1,2";"1,2";"2,0"
"669";"-";"1,9";"1,1";"2,0"
"670";"-";"0,8";"1,0";"3,0"
"671";"0,6";"1,0";"2,0";"3,0"
"672";"-";"";"2,2";"3,0"
"673";"0,9";"1,7";"1,9";"3,0"
"674";"-";"1,9";"1,3";"1,0"
"675";"-";"0,9";"1,9";"2,0"
"676";"-";"";"1,0";"3,0"
"677";"-";"1,1";"1,8";"2,0"
"678";"-";"";"1,0";"2,0"
"679";"0,6";"1,1";"1,6";"2,0"
"680";"-";"1,6";"1,9";"1,0"
"681";"-";"";"1,8";"1,0"
"682";"0,8";"1,4";"1,6";"3,0"
"683";"-";"";"1,1";"3,0"
"684";"-";"0,7";"2,1";"2,0"
"685";"-";"1,2";"1,5";"3,0"
"686";"-";"1,3";"1,6";"2,0"
"687";"-";"";"2,3";"1,0"
"688";"-";"1,1";"1,6";"3,0"
"689";"-";"";"2,2";"2,0"
"690";"-";"1,4";"1,2";"3,0"
"691";"-";"1,7";"1,9";"3,0"
"692";"-";"";"2,0";"2,0"
"693";"0,8";"-";"1,1";"3,0"
"694";"-";"0,7";"1,1";"2,0"
"695";"0,7";"1,5";"1,9";"3,0"
"696";"-";"1,0";"1,4";"3,0"
"697";"-";"";"1,6";"3,0"
"698";"0,8";"1,8";"1,3";"1,0"
"699";"-";"0,6";"1,6";"1,0"
"700";"-";"1,3";"1,3";"1,0"
"701";"-";"";"1,8";"3,0"
"702";"0,9";"0,8";"1,2";"2,0"
"703";"-";"1,1";"2,0";"1,0"
"704";"0,7";"0,8";"1,6";"1,0"
"705";"-";"0,9";"1,4";"3,0"
"706";"0,6";"0,7";"2,2";"3,0"
"707";"0,9";"-";"1,5";"1,0"
"708";"-";"1,4";"2,0";"3,0"
"709";"0,9";"1,0";"1,3";"2,0"
"710";"0,6";"1,2";"2,0";"3,0"
"711";"-";"1,3";"2,4";"3,0"
"712";"-";"1,8";"1,2";"1,0"
"713";"-";"1,5";"1,4";"1,0"
"714";"0,6";"0,7";"1,7";"3,0"
"715";"-";"0,9";"1,9";"2,0"
"716";"0,9";"0,8";"2,0";"3,0"
"717";"-";"0,6";"1,6";"3,0"
"718";"0,7";"1,8";"1,3";"1,0"
"719";"-";"1,5";"1,6";"3,0"
"720";"-";"0,6";"1,9";"1,0"
"721";"0,8";"1,8";"1,7";"2,0"
"722";"-";"";"1,3";"1,0"
"723";"0,7";"1,8";"2,0";"3,0"
"724";"-";"1,7";"1,4";"3,0"
"725";"0,9";"-";"2,0";"2,0"
"726";"-";"1,7";"1,3";"3,0"
"727";"-";"1,5";"1,0";"2,0"
"728";"0,8";"0,8";"2,3";"3,0"
"729";"0,8";"1,2";"1,2";"2,0"
"730";"0,8";"-";"1,3";"3,0"
"731";"0,7";"1,6";"1,6";"3,0"
"732";"-";"1,7";"2,1";"3,0"
"733";"0,7";"0,9";"1,4";"1,0"
"734";"-";"1,1";"1,8";"2,0"
"735";"-";"0,8";"2,1";"1,0"
"736";"-";"1,4";"1,9";"1,0"
"737";"-";"1,8";"2,2";"3,0"
"738";"-";"";"1,4";"3,0"
"739";"-";"1,7";"1,3";"1,0"
"740";"0,9";"-";"2,4";"1,0"
"741";"0,8";"1,4";"1,0";"3,0"
"742";"0,7";"1,5";"1,2";"2,0"
"743";"-";"1,0";"1,9";"2,0"
"744";"-";"";"2,2";"3,0"
"745";"0,9";"1,1";"1,5";"3,0"
"746";"-";"1,7";"2,1";"2,0"
"747";"-";"1,1";"2,4";"3,0"
"748";"-";"1,2";"1,9";"3,0"
"749";"-";"1,2";"2,0";"1,0"
"750";"-";"1,7";"1,9";"2,0"
"751";"0,8";"1,1";"1,4";"3,0"
"752";"-";"1,4";"1,9";"2,0"
"753";"-";"";"2,3";"1,0"
"754";"-";"1,7";"1,3";"1,0"
"755";"-";"";"2,3";"1,0"
"756";"-";"0,8";"1,6";"2,0"
"757";"0,6";"1,8";"1,2";"3,0"
"758";"-";"1,9";"2,2";"1,0"
"759";"-";"";"1,2";"3,0"
"760";"0,9";"1,0";"2,3";"1,0"
"761";"0,6";"1,4";"2,1";"1,0"
"762";"-";"1,0";"2,1";"1,0"
"763";"-";"1,3";"2,3";"3,0"
"764";"0,7";"1,1";"1,3";"3,0"
"765";"-";"1,1";"2,0";"3,0"
"766";"-";"1,5";"1,2";"3,0"
"767";"-";"1,7";"1,0";"2,0"
"768";"-";"1,7";"1,9";"1,0"
"769";"-";"";"2,1";"3,0"
"770";"-";"1,5";"1,1";"2,0"
"771";"-";"1,0";"1,5";"2,0"
"772";"-";"";"2,4";"3,0"
"773";"0,9";"0,9";"1,7";"3,0"
"774";"-";"1,2";"1,3";"1,0"
"775";"0,6";"1,7";"1,7";"3,0"
"776";"0,9";"1,9";"1,6";"2,0"
"777";"-";"";"1,1";"3,0"
"778";"-";"1,5";"2,1";"1,0"
"779";"-";"1,2";"2,4";"3,0"
"780";"0,7";"1,4";"1,5";"2,0"
"781";"-";"0,7";"1,7";"3,0"
"782";"0,8";"-";"1,8";"1,0"
"783";"-";"";"1,2";"2,0"
"784";"0,8";"1,7";"1,3";"2,0"
"785";"-";"";"1,7";"1,0"
"786";"-";"1,1";"1,2";"3,0"
"787";"-";"1,9";"1,7";"1,0"
"788";"0,8";"-";"1,9";"1,0"
"789";"-";"1,6";"2,1";"3,0"
"790";"0,6";"1,6";"1,2";"3,0"
"791";"-";"";"1,2";"2,0"
"792";"-";"0,7";"1,1";"2,0"
"793";"-";"";"1,7";"2,0"
"794";"0,8";"1,3";"2,2";"1,0"
"795";"-";"1,5";"2,4";"1,0"
"796";"0,7";"1,9";"1,1";"1,0"
"797";"0,6";"1,3";"2,1";"2,0"
"798";"-";"";"1,5";"1,0"
"799";"-";"";"2,2";"3,0"
"800";"0,6";"1,0";"2,0";"1,0"
"801";"0,7";"1,3";"2,0";"3,0"
"802";"0,8";"1,7";"1,4";"1,0"
"803";"0,6";"1,8";"2,4";"1,0"
"804";"0,8";"1,8";"2,0";"2,0"
"805";"-";"0,7";"2,4";"2,0"
"806";"-";"1,9";"1,2";"1,0"
"807";"0,8";"1,7";"1,1";"3,0"
"808";"-";"";"2,4";"2,0"
"809";"0,9";"1,2";"2,1";"3,0"
"810";"-";"1,2";"2,3";"1,0"
"811";"-";"";"1,7";"3,0"
"812";"0,6";"0,9";"2,2";"3,0"
"813";"0,6";"-";"2,0";"3,0"
"814";"-";"0,9";"2,1";"1,0"
"815";"-";"1,5";"2,1";"3,0"
"816";"0,8";"-";"1,9";"2,0"
"817";"-";"1,9";"1,9";"2,0"
"818";"-";"1,1";"1,2";"1,0"
"819";"-";"1,1";"1,4";"2,0"
"820";"0,8";"1,2";"1,8";"2,0"
"821";"0,7";"-";"1,3";"3,0"
"822";"0,8";"1,7";"1,9";"2,0"
"823";"0,8";"0,9";"2,4";"1,0"
"824";"-";"1,9";"1,8";"3,0"
"825";"0,7";"1,3";"1,7";"3,0"
"826";"-";"";"2,0";"3,0"
"827";"-";"";"1,5";"2,0"
"828";"0,9";"0,6";"2,3";"1,0"
"829";"0,6";"1,8";"1,1";"3,0"
"830";"-";"";"1,3";"2,0"
"831";"-";"";"1,2";"2,0"
"832";"0,9";"1,8";"2,4";"1,0"
"833";"0,7";"-";"1,5";"3,0"
"834";"-";"1,3";"2,4";"2,0"
"835";"-";"1,8";"1,0";"2,0"
"836";"0,8";"1,2";"1,8";"2,0"
"837";"0,8";"0,8";"1,6";"2,0"
"838";"-";"1,2";"1,6";"3,0"
"839";"-";"1,8";"1,7";"1,0"
"840";"-";"";"1,6";"2,0"
"841";"-";"";"1,1";"3,0"
"842";"0,9";"0,6";"1,2";"1,0"
"843";"-";"1,7";"1,3";"1,0"
"844";"-";"0,7";"1,8";"3,0"
"845";"0,7";"0,7";"2,1";"3,0"
"846";"0,7";"0,9";"1,1";"3,0"
"847";"0,6";"1,1";"2,4";"1,0"
"848";"-";"0,9";"1,4";"2,0"
"849";"-";"0,9";"2,2";"2,0"
"850";"-";"1,8";"1,5";"3,0"
"851";"0,9";"-";"2,3";"1,0"
"852";"-";"";"1,8";"1,0"
"853";"-";"1,6";"1,0";"1,0"
"854";"-";"1,1";"1,9";"1,0"
"855";"-";"1,7";"1,1";"3,0"
"856";"-";"1,4";"2,0";"2,0"
"857";"-";"";"2,4";"1,0"
"858";"-";"1,6";"1,8";"1,0"
"859";"-";"1,5";"1,6";"1,0"
"860";"-";"1,2";"2,2";"1,0"
"861";"-";"1,9";"1,7";"1,0"
"862";"-";"0,8";"1,3";"2,0"
"863";"-";"1,5";"2,1";"1,0"
"864";"0,6";"-";"1,7";"2,0"
"865";"-";"1,2";"1,6";"1,0"
"866";"-";"1,7";"1,2";"3,0"
"867";"0,7";"-";"1,3";"3,0"
"868";"-";"1,1";"2,1";"1,0"
"869";"-";"1,3";"2,1";"3,0"
"870";"-";"1,3";"1,7";"3,0"
"871";"-";"1,2";"1,9";"3,0"
"872";"0,7";"1,8";"2,0";"1,0"
"873";"-";"1,0";"2,2";"1,0"
"874";"-";"1,2";"1,3";"3,0"
"875";"-";"";"1,0";"2,0"
"876";"0,9";"0,9";"1,2";"2,0"
"877";"-";"";"1,2";"3,0"
"878";"-";"1,5";"1,4";"1,0"
"879";"-";"1,4";"1,1";"3,0"
"880";"0,6";"1,9";"1,3";"3,0"
"881";"-";"";"2,0";"1,0"
"882";"0,9";"1,5";"2,0";"1,0"
"883";"-";"1,0";"2,2";"1,0"
"884";"-";"";"1,4";"1,0"
"885";"-";"1,6";"1,1";"3,0"
"886";"-";"1,0";"1,4";"1,0"
"887";"-";"0,8";"1,2";"1,0"
"888";"0,8";"1,5";"1,7";"3,0"
"889";"-";"1,2";"1,4";"3,0"
"890";"0,6";"1,7";"2,2";"3,0"
"891";"-";"1,3";"1,4";"1,0"
"892";"-";"0,8";"2,2";"2,0"
"893";"-";"1,8";"2,0";"3,0"
"894";"-";"1,9";"1,1";"3,0"
"895";"0,6";"1,3";"2,3";"1,0"
"896";"-";"0,6";"1,6";"2,0"
"897";"0,7";"-";"1,2";"1,0"
"898";"-";"1,8";"2,2";"2,0"
"899";"0,6";"-";"2,0";"2,0"
"900";"0,6";"1,2";"1,4";"3,0"
"901";"0,9";"-";"1,2";"2,0"
"902";"0,8";"0,6";"1,7";"1,0"
"903";"0,9";"1,1";"2,1";"2,0"
"904";"0,9";"1,9";"1,3";"2,0"
"905";"0,7";"0,9";"1,9";"1,0"
"906";"-";"";"1,9";"3,0"
"907";"-";"0,9";"2,0";"2,0"
"908";"0,7";"1,2";"1,7";"2,0"
"909";"-";"";"1,4";"3,0"
"910";"-";"1,3";"1,7";"3,0"
"911";"0,7";"1,7";"1,3";"3,0"
"912";"0,8";"1,9";"1,4";"3,0"
"913";"-";"";"2,0";"3,0"
"914";"0,9";"-";"1,6";"3,0"
"915";"-";"1,0";"1,5";"2,0"
"916";"-";"1,7";"2,1";"2,0"
"917";"0,9";"0,6";"1,8";"1,0"
"918";"-";"1,0";"1,0";"3,0"
"919";"-";"1,7";"1,5";"1,0"
"920";"-";"1,5";"2,2";"3,0"
"921";"0,9";"1,5";"1,7";"2,0"
"922";"0,6";"-";"2,2";"3,0"
"923";"-";"";"2,1";"3,0"
"924";"0,9";"-";"1,6";"1,0"
"925";"0,8";"1,4";"2,4";"2,0"
"926";"-";"";"2,2";"1,0"
"927";"0,8";"1,2";"1,6";"2,0"
"928";"-";"1,9";"1,1";"2,0"
"929";"-";"1,1";"2,4";"2,0"
"930";"-";"0,6";"1,7";"1,0"
"931";"-";"0,7";"1,9";"3,0"
"932";"0,7";"1,8";"1,8";"2,0"
"933";"0,6";"-";"1,1";"3,0"
"934";"0,7";"-";"1,7";"3,0"
"935";"-";"0,8";"2,1";"2,0"
"936";"-";"1,0";"1,3";"1,0"
"937";"0,6";"0,6";"2,2";"1,0"
"938";"-";"1,1";"2,4";"3,0"
"939";"-";"0,6";"1,0";"2,0"
"940";"0,7";"0,8";"1,0";"3,0"
"941";"-";"";"2,2";"1,0"
"942";"-";"1,7";"2,1";"2,0"
"943";"0,9";"1,2";"1,4";"3,0"
"944";"-";"1,7";"1,5";"3,0"
"945";"0,6";"-";"1,4";"2,0"
"946";"0,8";"-";"2,2";"1,0"
"947";"0,8";"1,4";"1,7";"1,0"
"948";"0,6";"1,4";"1,5";"1,0"
"949";"-";"";"1,0";"1,0"
"950";"0,7";"1,8";"2,4";"2,0"
"951";"-";"";"2,2";"1,0"
"952";"0,9";"1,1";"2,3";"1,0"
"953";"-";"0,9";"1,0";"2,0"
"954";"-";"1,6";"2,3";"2,0"
"955";"0,8";"1,2";"2,3";"2,0"
"956";"0,9";"1,1";"2,1";"1,0"
"957";"-";"1,7";"2,1";"3,0"
"958";"-";"1,5";"1,9";"2,0"
"959";"-";"0,8";"1,7";"2,0"
"960";"-";"1,4";"2,2";"1,0"
"961";"0,8";"1,7";"1,1";"2,0"
"962";"-";"1,0";"1,8";"2,0"
"963";"-";"";"1,1";"2,0"
"964";"0,9";"1,7";"1,6";"1,0"
"965";"0,6";"0,9";"1,4";"1,0"
"966";"-";"1,0";"1,2";"1,0"
"967";"-";"";"2,1";"1,0"
"968";"-";"";"1,1";"3,0"
"969";"0,7";"1,4";"1,6";"3,0"
"970";"-";"0,9";"1,2";"2,0"
"971";"-";"1,6";"2,2";"3,0"
"972";"0,8";"1,0";"1,3";"3,0"
"973";"-";"";"1,5";"2,0"
"974";"-";"";"2,4";"1,0"
"975";"-";"";"1,1";"1,0"
"976";"0,7";"1,1";"1,3";"2,0"
"977";"-";"1,0";"1,3";"1,0"
"978";"0,6";"-";"1,8";"2,0"
"979";"-";"";"1,8";"1,0"
"980";"-";"1,0";"1,4";"1,0"
"981";"0,9";"1,0";"1,2";"1,0"
"982";"-";"";"2,1";"1,0"
"983";"-";"0,7";"1,4";"2,0"
"984";"-";"1,2";"2,1";"1,0"
"985";"-";"1,5";"2,3";"1,0"
"986";"-";"";"2,4";"2,0"
"987";"0,7";"-";"2,2";"1,0"
"988";"0,7";"-";"1,1";"3,0"
"989";"-";"";"1,1";"1,0"
"990";"-";"1,3";"1,7";"2,0"
"991";"-";"1,7";"1,4";"1,0"
"992";"-";"1,2";"1,5";"1,0"
"993";"-";"1,6";"1,9";"1,0"
"994";"0,8";"1,7";"1,6";"2,0"
"995";"-";"1,2";"2,3";"3,0"
"996";"-";"";"1,3";"3,0"
"997";"0,7";"-";"1,8";"3,0"
"998";"-";"1,5";"2,1";"1,0"
"999";"0,9";"-";"1,7";"2,0"
